Title,URL,Description,Highlight,Sentiment Score
Lockheed Martin (LMT) Expected to Beat Earnings Estimates: Should You Buy?,https://www.zacks.com/stock/news/2350744/lockheed-martin-lmt-expected-to-beat-earnings-estimates-should-you-buy?cid=CS-ZC-FT-tale_of_the_tape|yseop_template_9-2350744,Lockheed (LMT) possesses the right combination of the two key ingredients for a likely earnings beat in its upcoming report. Get prepared with the key expectations.,Lockheed Martin (LMT) Expected to Beat Earnings Estimates: Should You Buy?,0.0
"AI in Modern Warfare Market to Reach $109.8 Billion, Globally, by 2032 at 29.7% CAGR: Allied Market Research",https://www.globenewswire.com/news-release/2024/10/15/2963381/0/en/AI-in-Modern-Warfare-Market-to-Reach-109-8-Billion-Globally-by-2032-at-29-7-CAGR-Allied-Market-Research.html,Explainable AI in military applications and growing demand for autonomous systems and robotics offers remunerative opportunities for the expansion of the...,Lockheed Martin Corporation IBM Corporation General Dynamics Corporation Northrop Grumman Corporation BAE Systems plc Thales Group L3Harris Technologies Inc. Leonardo S.p.A Textron Inc. Booz Allen Hamilton Holding Corporation The report provides a detailed analysis of these key players in the global AI in modern warfare market.,-0.0258
"AI in Modern Warfare Market to Reach $109.8 Billion, Globally, by 2032 at 29.7% CAGR: Allied Market Research",https://www.globenewswire.com/news-release/2024/10/15/2963381/0/en/AI-in-Modern-Warfare-Market-to-Reach-109-8-Billion-Globally-by-2032-at-29-7-CAGR-Allied-Market-Research.html,Explainable AI in military applications and growing demand for autonomous systems and robotics offers remunerative opportunities for the expansion of the...,Lockheed Martin Corporation IBM Corporation General Dynamics Corporation Northrop Grumman Corporation BAE Systems plc Thales Group L3Harris Technologies Inc. Leonardo S.p.A Textron Inc. Booz Allen Hamilton Holding Corporation The report provides a detailed analysis of these key players in the global AI in modern warfare market.,-0.0258
"AI in Modern Warfare Market to Reach $109.8 Billion, Globally, by 2032 at 29.7% CAGR: Allied Market Research",https://www.globenewswire.com/news-release/2024/10/15/2963381/0/en/AI-in-Modern-Warfare-Market-to-Reach-109-8-Billion-Globally-by-2032-at-29-7-CAGR-Allied-Market-Research.html,Explainable AI in military applications and growing demand for autonomous systems and robotics offers remunerative opportunities for the expansion of the...,Lockheed Martin Corporation IBM Corporation General Dynamics Corporation Northrop Grumman Corporation BAE Systems plc Thales Group L3Harris Technologies Inc. Leonardo S.p.A Textron Inc. Booz Allen Hamilton Holding Corporation The report provides a detailed analysis of these key players in the global AI in modern warfare market.,-0.0258
"AI in Modern Warfare Market to Reach $109.8 Billion, Globally, by 2032 at 29.7% CAGR: Allied Market Research",https://www.globenewswire.com/news-release/2024/10/15/2963381/0/en/AI-in-Modern-Warfare-Market-to-Reach-109-8-Billion-Globally-by-2032-at-29-7-CAGR-Allied-Market-Research.html,Explainable AI in military applications and growing demand for autonomous systems and robotics offers remunerative opportunities for the expansion of the...,Lockheed Martin Corporation IBM Corporation General Dynamics Corporation Northrop Grumman Corporation BAE Systems plc Thales Group L3Harris Technologies Inc. Leonardo S.p.A Textron Inc. Booz Allen Hamilton Holding Corporation The report provides a detailed analysis of these key players in the global AI in modern warfare market.,-0.296
"AI in Modern Warfare Market to Reach $109.8 Billion, Globally, by 2032 at 29.7% CAGR: Allied Market Research",https://www.globenewswire.com/news-release/2024/10/15/2963381/0/en/AI-in-Modern-Warfare-Market-to-Reach-109-8-Billion-Globally-by-2032-at-29-7-CAGR-Allied-Market-Research.html,Explainable AI in military applications and growing demand for autonomous systems and robotics offers remunerative opportunities for the expansion of the...,Lockheed Martin Corporation IBM Corporation General Dynamics Corporation Northrop Grumman Corporation BAE Systems plc Thales Group L3Harris Technologies Inc. Leonardo S.p.A Textron Inc. Booz Allen Hamilton Holding Corporation The report provides a detailed analysis of these key players in the global AI in modern warfare market.,-0.0258
"AI in Modern Warfare Market to Reach $109.8 Billion, Globally, by 2032 at 29.7% CAGR: Allied Market Research",https://www.globenewswire.com/news-release/2024/10/15/2963381/0/en/AI-in-Modern-Warfare-Market-to-Reach-109-8-Billion-Globally-by-2032-at-29-7-CAGR-Allied-Market-Research.html,Explainable AI in military applications and growing demand for autonomous systems and robotics offers remunerative opportunities for the expansion of the...,Lockheed Martin Corporation IBM Corporation General Dynamics Corporation Northrop Grumman Corporation BAE Systems plc Thales Group L3Harris Technologies Inc. Leonardo S.p.A Textron Inc. Booz Allen Hamilton Holding Corporation The report provides a detailed analysis of these key players in the global AI in modern warfare market.,-0.0258
"AI in Modern Warfare Market to Reach $109.8 Billion, Globally, by 2032 at 29.7% CAGR: Allied Market Research",https://www.globenewswire.com/news-release/2024/10/15/2963381/0/en/AI-in-Modern-Warfare-Market-to-Reach-109-8-Billion-Globally-by-2032-at-29-7-CAGR-Allied-Market-Research.html,Explainable AI in military applications and growing demand for autonomous systems and robotics offers remunerative opportunities for the expansion of the...,Lockheed Martin Corporation IBM Corporation General Dynamics Corporation Northrop Grumman Corporation BAE Systems plc Thales Group L3Harris Technologies Inc. Leonardo S.p.A Textron Inc. Booz Allen Hamilton Holding Corporation The report provides a detailed analysis of these key players in the global AI in modern warfare market.,-0.0258
"AI in Modern Warfare Market to Reach $109.8 Billion, Globally, by 2032 at 29.7% CAGR: Allied Market Research",https://www.globenewswire.com/news-release/2024/10/15/2963381/0/en/AI-in-Modern-Warfare-Market-to-Reach-109-8-Billion-Globally-by-2032-at-29-7-CAGR-Allied-Market-Research.html,Explainable AI in military applications and growing demand for autonomous systems and robotics offers remunerative opportunities for the expansion of the...,Lockheed Martin Corporation IBM Corporation General Dynamics Corporation Northrop Grumman Corporation BAE Systems plc Thales Group L3Harris Technologies Inc. Leonardo S.p.A Textron Inc. Booz Allen Hamilton Holding Corporation The report provides a detailed analysis of these key players in the global AI in modern warfare market.,-0.0258
"AI in Modern Warfare Market to Reach $109.8 Billion, Globally, by 2032 at 29.7% CAGR: Allied Market Research",https://www.globenewswire.com/news-release/2024/10/15/2963381/0/en/AI-in-Modern-Warfare-Market-to-Reach-109-8-Billion-Globally-by-2032-at-29-7-CAGR-Allied-Market-Research.html,Explainable AI in military applications and growing demand for autonomous systems and robotics offers remunerative opportunities for the expansion of the...,Lockheed Martin Corporation IBM Corporation General Dynamics Corporation Northrop Grumman Corporation BAE Systems plc Thales Group L3Harris Technologies Inc. Leonardo S.p.A Textron Inc. Booz Allen Hamilton Holding Corporation The report provides a detailed analysis of these key players in the global AI in modern warfare market.,-0.0258
"AI in Modern Warfare Market to Reach $109.8 Billion, Globally, by 2032 at 29.7% CAGR: Allied Market Research",https://www.globenewswire.com/news-release/2024/10/15/2963381/0/en/AI-in-Modern-Warfare-Market-to-Reach-109-8-Billion-Globally-by-2032-at-29-7-CAGR-Allied-Market-Research.html,Explainable AI in military applications and growing demand for autonomous systems and robotics offers remunerative opportunities for the expansion of the...,Lockheed Martin Corporation IBM Corporation General Dynamics Corporation Northrop Grumman Corporation BAE Systems plc Thales Group L3Harris Technologies Inc. Leonardo S.p.A Textron Inc. Booz Allen Hamilton Holding Corporation The report provides a detailed analysis of these key players in the global AI in modern warfare market.,-0.0258
"AI in Modern Warfare Market to Reach $109.8 Billion, Globally, by 2032 at 29.7% CAGR: Allied Market Research",https://www.globenewswire.com/news-release/2024/10/15/2963381/0/en/AI-in-Modern-Warfare-Market-to-Reach-109-8-Billion-Globally-by-2032-at-29-7-CAGR-Allied-Market-Research.html,Explainable AI in military applications and growing demand for autonomous systems and robotics offers remunerative opportunities for the expansion of the...,Lockheed Martin Corporation IBM Corporation General Dynamics Corporation Northrop Grumman Corporation BAE Systems plc Thales Group L3Harris Technologies Inc. Leonardo S.p.A Textron Inc. Booz Allen Hamilton Holding Corporation The report provides a detailed analysis of these key players in the global AI in modern warfare market.,-0.0258
"AI in Modern Warfare Market to Reach $109.8 Billion, Globally, by 2032 at 29.7% CAGR: Allied Market Research",https://www.globenewswire.com/news-release/2024/10/15/2963381/0/en/AI-in-Modern-Warfare-Market-to-Reach-109-8-Billion-Globally-by-2032-at-29-7-CAGR-Allied-Market-Research.html,Explainable AI in military applications and growing demand for autonomous systems and robotics offers remunerative opportunities for the expansion of the...,Lockheed Martin Corporation IBM Corporation General Dynamics Corporation Northrop Grumman Corporation BAE Systems plc Thales Group L3Harris Technologies Inc. Leonardo S.p.A Textron Inc. Booz Allen Hamilton Holding Corporation The report provides a detailed analysis of these key players in the global AI in modern warfare market.,-0.0258
"AI in Modern Warfare Market to Reach $109.8 Billion, Globally, by 2032 at 29.7% CAGR: Allied Market Research",https://www.globenewswire.com/news-release/2024/10/15/2963381/0/en/AI-in-Modern-Warfare-Market-to-Reach-109-8-Billion-Globally-by-2032-at-29-7-CAGR-Allied-Market-Research.html,Explainable AI in military applications and growing demand for autonomous systems and robotics offers remunerative opportunities for the expansion of the...,Lockheed Martin Corporation IBM Corporation General Dynamics Corporation Northrop Grumman Corporation BAE Systems plc Thales Group L3Harris Technologies Inc. Leonardo S.p.A Textron Inc. Booz Allen Hamilton Holding Corporation The report provides a detailed analysis of these key players in the global AI in modern warfare market.,-0.0258
"AI in Modern Warfare Market to Reach $109.8 Billion, Globally, by 2032 at 29.7% CAGR: Allied Market Research",https://www.globenewswire.com/news-release/2024/10/15/2963381/0/en/AI-in-Modern-Warfare-Market-to-Reach-109-8-Billion-Globally-by-2032-at-29-7-CAGR-Allied-Market-Research.html,Explainable AI in military applications and growing demand for autonomous systems and robotics offers remunerative opportunities for the expansion of the...,Lockheed Martin Corporation IBM Corporation General Dynamics Corporation Northrop Grumman Corporation BAE Systems plc Thales Group L3Harris Technologies Inc. Leonardo S.p.A Textron Inc. Booz Allen Hamilton Holding Corporation The report provides a detailed analysis of these key players in the global AI in modern warfare market.,-0.0258
"AI in Modern Warfare Market to Reach $109.8 Billion, Globally, by 2032 at 29.7% CAGR: Allied Market Research",https://www.globenewswire.com/news-release/2024/10/15/2963381/0/en/AI-in-Modern-Warfare-Market-to-Reach-109-8-Billion-Globally-by-2032-at-29-7-CAGR-Allied-Market-Research.html,Explainable AI in military applications and growing demand for autonomous systems and robotics offers remunerative opportunities for the expansion of the...,Lockheed Martin Corporation IBM Corporation General Dynamics Corporation Northrop Grumman Corporation BAE Systems plc Thales Group L3Harris Technologies Inc. Leonardo S.p.A Textron Inc. Booz Allen Hamilton Holding Corporation The report provides a detailed analysis of these key players in the global AI in modern warfare market.,-0.296
"AI in Modern Warfare Market to Reach $109.8 Billion, Globally, by 2032 at 29.7% CAGR: Allied Market Research",https://www.globenewswire.com/news-release/2024/10/15/2963381/0/en/AI-in-Modern-Warfare-Market-to-Reach-109-8-Billion-Globally-by-2032-at-29-7-CAGR-Allied-Market-Research.html,Explainable AI in military applications and growing demand for autonomous systems and robotics offers remunerative opportunities for the expansion of the...,Lockheed Martin Corporation IBM Corporation General Dynamics Corporation Northrop Grumman Corporation BAE Systems plc Thales Group L3Harris Technologies Inc. Leonardo S.p.A Textron Inc. Booz Allen Hamilton Holding Corporation The report provides a detailed analysis of these key players in the global AI in modern warfare market.,-0.0258
"AI in Modern Warfare Market to Reach $109.8 Billion, Globally, by 2032 at 29.7% CAGR: Allied Market Research",https://www.globenewswire.com/news-release/2024/10/15/2963381/0/en/AI-in-Modern-Warfare-Market-to-Reach-109-8-Billion-Globally-by-2032-at-29-7-CAGR-Allied-Market-Research.html,Explainable AI in military applications and growing demand for autonomous systems and robotics offers remunerative opportunities for the expansion of the...,Lockheed Martin Corporation IBM Corporation General Dynamics Corporation Northrop Grumman Corporation BAE Systems plc Thales Group L3Harris Technologies Inc. Leonardo S.p.A Textron Inc. Booz Allen Hamilton Holding Corporation The report provides a detailed analysis of these key players in the global AI in modern warfare market.,-0.0258
"AI in Modern Warfare Market to Reach $109.8 Billion, Globally, by 2032 at 29.7% CAGR: Allied Market Research",https://www.globenewswire.com/news-release/2024/10/15/2963381/0/en/AI-in-Modern-Warfare-Market-to-Reach-109-8-Billion-Globally-by-2032-at-29-7-CAGR-Allied-Market-Research.html,Explainable AI in military applications and growing demand for autonomous systems and robotics offers remunerative opportunities for the expansion of the...,Lockheed Martin Corporation IBM Corporation General Dynamics Corporation Northrop Grumman Corporation BAE Systems plc Thales Group L3Harris Technologies Inc. Leonardo S.p.A Textron Inc. Booz Allen Hamilton Holding Corporation The report provides a detailed analysis of these key players in the global AI in modern warfare market.,-0.0258
"AI in Modern Warfare Market to Reach $109.8 Billion, Globally, by 2032 at 29.7% CAGR: Allied Market Research",https://www.globenewswire.com/news-release/2024/10/15/2963381/0/en/AI-in-Modern-Warfare-Market-to-Reach-109-8-Billion-Globally-by-2032-at-29-7-CAGR-Allied-Market-Research.html,Explainable AI in military applications and growing demand for autonomous systems and robotics offers remunerative opportunities for the expansion of the...,Lockheed Martin Corporation IBM Corporation General Dynamics Corporation Northrop Grumman Corporation BAE Systems plc Thales Group L3Harris Technologies Inc. Leonardo S.p.A Textron Inc. Booz Allen Hamilton Holding Corporation The report provides a detailed analysis of these key players in the global AI in modern warfare market.,-0.0258
"AI in Modern Warfare Market to Reach $109.8 Billion, Globally, by 2032 at 29.7% CAGR: Allied Market Research",https://www.globenewswire.com/news-release/2024/10/15/2963381/0/en/AI-in-Modern-Warfare-Market-to-Reach-109-8-Billion-Globally-by-2032-at-29-7-CAGR-Allied-Market-Research.html,Explainable AI in military applications and growing demand for autonomous systems and robotics offers remunerative opportunities for the expansion of the...,Lockheed Martin Corporation IBM Corporation General Dynamics Corporation Northrop Grumman Corporation BAE Systems plc Thales Group L3Harris Technologies Inc. Leonardo S.p.A Textron Inc. Booz Allen Hamilton Holding Corporation The report provides a detailed analysis of these key players in the global AI in modern warfare market.,-0.296
